{"cameraMode":{"drawMode":0,"name":"Shaded","section":"Shading Mode"},"sceneLighting":true,"audioPlay":false,"sceneViewState":{"m_AlwaysRefresh":false,"showFog":true,"showSkybox":true,"showFlares":true,"showImageEffects":true,"showParticleSystems":true,"showVisualEffectGraphs":true,"m_FxEnabled":true},"in2DMode":false,"pivot":{"x":-1.6608927249908448,"y":0.6048699617385864,"z":-8.467451095581055},"rotation":{"x":0.10461028665304184,"y":0.06110355257987976,"z":-0.006438061129301786,"w":0.9926235675811768},"size":2.498457193374634,"orthographic":false}